,Desarrollo,Localidad,Dirección,Master Broker,DA CLICK AQUÍ PARA IR A LA INFORMACIÓN
1,DownTown,Akumal,Bahía Príncipe,BAHIA PRINCIPE,
1,Kaan Ha,Akumal,Bahía Príncipe,BAHIA PRINCIPE,
1,A-Nah Bahía Príncipe,Akumal,Bahía Príncipe,A-NAH,
1,A-Nah Village,Akumal,Bahía Príncipe,A-NAH,
1,Tao Community,Akumal,Bahía Príncipe,TAO,
1,Tao Sek,Akumal,Bahía Príncipe,TAO,
1,Tao Ocean Residences,Akumal,Akumal,TAO,
1,Tao La Luna,Akumal,Akumal,TAO,SOLD OUT
1,Tao Akumal Chic,Akumal,Akumal,TAO,SOLD OUT
1,Tao El Bosque,Akumal,Akumal,TAO,
1,Tao Santamar,Akumal,Akumal,TAO,
1,Tao La Selva,Akumal,Sirenis,TAO,
1,Tao Solana,Akumal,Sirenis,TAO,
1,Tao Zamira,Akumal,Sirenis,TAO,
1,Seasun Condos,Akumal,Sirenis,ROGER CHAVARRIA,
1,Yaamaj,Akumal,Sirenis,GRUPO SIERRAS,
1,Tankah 52,Caleta Tankah,Caleta Tankah,AMORAMAR,
1,4 Vientos,Caleta Tankah,Caleta Tankah,AMORAMAR,
1,Kooptee,Chemuyil,Centro,OCEAN MAYA,
1,Distrito Cozumel,Cozumel,,,
1,Elementos,Cozumel,Campo de Golf,DREAM HOUSES,
1,Galia,Cozumel,,,
1,Kippal,Cozumel,Centro,ESREALTY,
1,Nativo,Cozumel,Norte,LOTUS,
1,Novara,Cozumel,Centro,BARTEGA,
1,Suites Cozumel,Cozumel,Centro Sur,,
1,The María,Cozumel,Centro,THE MARIA,
1,Riad Romeo,El Cuyo,El Cuyo,GRUPO TSALACH,
1,Yam Balam,Holbox,Punta Coco,DUVELA,
1,Adentia,Holbox,Centro,RAISE,
1,Artila,Isla Mujeres,Isla Mujeres,ARTILA,
1,Saam,Mahahual,Mahahual costa,GMB,
1,IKI Soul,Mahahual,Las Casitas,LOTUS,
1,Allegro,Puerto Aventuras,Marina 1 Sección,DREAM HOUSES,
1,Bliss,Puerto Aventuras,Marina 4 Sección,,
1,Blue House,Puerto Aventuras,Marina 4 Sección,GMB,
1,CasaCun,Puerto Aventuras,,ENGEL &amp; VOLKERS,
1,Quinta Laguna,Puerto Aventuras,Bahia Kantenah,AQUA,
1,Tao Nautico,Puerto Aventuras,Marina,TAO,
1,Villas KA'AN,Puerto Aventuras,Campo de Golf,AQUA,
1,Briara,Puerto Aventuras,Taema,,
1,GlassHouse,Puerto Aventuras,Taema,ROIALTY,
1,Taema Homes,Puerto Aventuras,Taema,ROIALTY,
1,Distrito Morelos,Puerto Morelos,Puerto Morelos Costa,TSALACH,
1,The Fives Puerto Morelos,Puerto Morelos,Puerto Morelos Costa,THE FIVES,
1,Gaia Condos,Puerto Morelos,Puerto Morelos Costa,,
1,Ikal,Puerto Morelos,Puerto Morelos,,
1,MayaKaan,Puerto Morelos,Puerto Morelos,MAYAKAAN,
